tweet_id,p1,p1_conf,p1_dog
666020888022790149,welsh springer spaniel,0.465074,True
666029285002620928,redbone,0.506826,True
666033412701032449,german shepherd,0.596461,True
666044226329800704,rhodesian ridgeback,0.408143,True
666049248165822465,miniature pinscher,0.560311,True
666050758794694657,bernese mountain dog,0.651137,True
666051853826850816,box turtle,0.933012,False
666055525042405380,chow,0.692517,True
666057090499244032,shopping cart,0.962465,False
666058600524156928,miniature poodle,0.201493,True
666063827256086533,golden retriever,0.77593,True
666071193221509120,gordon setter,0.503672,True
666073100786774016,walker hound,0.260857,True
666082916733198337,pug,0.489814,True
666094000022159362,bloodhound,0.195217,True
666099513787052032,lhasa,0.58233,True
666102155909144576,english setter,0.298617,True
666104133288665088,hen,0.965932,False
666268910803644416,desktop computer,0.086502,False
666273097616637952,italian greyhound,0.176053,True
666287406224695296,maltese dog,0.8575309999999999,True
666293911632134144,three-toed sloth,0.914671,False
666337882303524864,ox,0.4166689999999999,False
666345417576210432,golden retriever,0.8587440000000001,True
666353288456101888,malamute,0.3368739999999999,True
666362758909284353,guinea pig,0.996496,False
666373753744588802,soft-coated wheaten terrier,0.326467,True
666396247373291520,chihuahua,0.978108,True
666407126856765440,black-and-tan coonhound,0.529139,True
666411507551481857,coho,0.40464,False
666418789513326592,toy terrier,0.14968,True
666421158376562688,blenheim spaniel,0.906777,True
666428276349472768,pembroke,0.371361,True
666430724426358785,llama,0.505184,False
666435652385423360,chesapeake bay retriever,0.18413,True
666437273139982337,chihuahua,0.6718529999999999,True
666447344410484738,curly-coated retriever,0.322084,True
666454714377183233,dalmatian,0.278954,True
666644823164719104,ibizan hound,0.0443334,True
666649482315059201,border collie,0.4478029999999999,True
666691418707132416,german shepherd,0.975401,True
666701168228331520,labrador retriever,0.887707,True
666739327293083650,miniature poodle,0.546933,True
666776908487630848,seat belt,0.375057,False
666781792255496192,italian greyhound,0.618316,True
666786068205871104,snail,0.999888,False
666804364988780544,english setter,0.328792,True
666817836334096384,miniature schnauzer,0.496953,True
666826780179869698,maltese dog,0.359383,True
666835007768551424,airedale,0.448459,True
666837028449972224,triceratops,0.442113,False
666983947667116034,swab,0.589446,False
666996132027977728,hay,0.507637,False
667012601033924608,hyena,0.98723,False
667044094246576128,golden retriever,0.765266,True
667062181243039745,chesapeake bay retriever,0.825678,True
667065535570550784,jigsaw puzzle,0.560001,False
667073648344346624,chihuahua,0.4836819999999999,True
667090893657276420,chihuahua,0.959514,True
667119796878725120,pembroke,0.741563,True
667138269671505920,west highland white terrier,0.747713,True
667152164079423490,toy poodle,0.535411,True
667160273090932737,golden retriever,0.471351,True
667165590075940865,miniature pinscher,0.140173,True
667171260800061440,giant schnauzer,0.8412649999999999,True
667174963120574464,toy poodle,0.266437,True
667176164155375616,soft-coated wheaten terrier,0.318981,True
667177989038297088,vizsla,0.2592489999999999,True
667182792070062081,golden retriever,0.949892,True
667188689915760640,vacuum,0.33583,False
667192066997374976,rottweiler,0.28364,True
667200525029539841,siberian husky,0.694904,True
667211855547486208,golden retriever,0.462556,True
667369227918143488,teddy,0.709545,False
667393430834667520,papillon,0.557009,True
667405339315146752,saint bernard,0.381377,True
667435689202614272,rottweiler,0.999091,True
667437278097252352,porcupine,0.989154,False
667443425659232256,goose,0.980815,False
667453023279554560,labrador retriever,0.8256700000000001,True
667455448082227200,tibetan terrier,0.676376,True
667470559035432960,toy poodle,0.304175,True
667491009379606528,borzoi,0.852088,True
667495797102141441,chihuahua,0.143957,True
667502640335572993,labrador retriever,0.996709,True
667509364010450944,beagle,0.636169,True
667517642048163840,italian greyhound,0.125176,True
667524857454854144,hare,0.447893,False
667530908589760512,golden retriever,0.633037,True
667534815156183040,pembroke,0.435254,True
667538891197542400,yorkshire terrier,0.618957,True
667544320556335104,pomeranian,0.412893,True
667546741521195010,toy poodle,0.787424,True
667549055577362432,electric fan,0.984377,False
667550882905632768,web site,0.998258,False
667550904950915073,web site,0.999335,False
667724302356258817,ibex,0.6190979999999999,False
667728196545200128,kuvasz,0.360159,True
667766675769573376,fire engine,0.8834930000000001,False
667773195014021121,west highland white terrier,0.360465,True
667782464991965184,lorikeet,0.466149,False
667793409583771648,dalmatian,0.5350729999999999,True
667801013445750784,flat-coated retriever,0.508392,True
667806454573760512,toyshop,0.253089,False
667832474953625600,miniature pinscher,0.2142,True
667861340749471744,malamute,0.967275,True
667866724293877760,jigsaw puzzle,1.0,False
667873844930215936,common iguana,0.999647,False
667878741721415682,seat belt,0.200373,False
667885044254572545,malamute,0.0885297,True
667886921285246976,pomeranian,0.8004319999999999,True
667902449697558528,norwegian elkhound,0.298881,True
667911425562669056,frilled lizard,0.257695,False
667915453470232577,leatherback turtle,0.452517,False
667924896115245057,labrador retriever,0.209051,True
667937095915278337,hamster,0.172078,False
668113020489474048,pembroke,0.548896,True
668142349051129856,angora,0.918834,False
668154635664932864,arctic fox,0.473584,False
668171859951755264,chihuahua,0.664834,True
668190681446379520,blenheim spaniel,0.958402,True
668204964695683073,labrador retriever,0.65518,True
668221241640230912,chow,0.395101,True
668226093875376128,trombone,0.390339,False
668237644992782336,chow,0.8093199999999999,True
668248472370458624,chihuahua,0.7345470000000001,True
668256321989451776,canoe,0.407683,False
668268907921326080,pembroke,0.48483,True
668274247790391296,soft-coated wheaten terrier,0.4063739999999999,True
668286279830867968,golden retriever,0.215944,True
668291999406125056,web site,0.995535,False
668297328638447616,king penguin,0.606747,False
668466899341221888,shopping basket,0.398361,False
668480044826800133,arctic fox,0.119243,False
668484198282485761,standard poodle,0.587372,True
668496999348633600,staffordshire bullterrier,0.412879,True
668507509523615744,basenji,0.0553793999999999,True
668528771708952576,labrador retriever,0.1958349999999999,True
668537837512433665,lakeland terrier,0.372988,True
668542336805281792,american staffordshire terrier,0.2676949999999999,True
668544745690562560,bearskin,0.42787,False
668567822092664832,shih-tzu,0.985649,True
668614819948453888,bustard,0.380772,False
668620235289837568,crash helmet,0.757942,False
668623201287675904,chihuahua,0.708163,True
668625577880875008,ox,0.0715361,False
668627278264475648,french bulldog,0.965403,True
668631377374486528,miniature schnauzer,0.904549,True
668633411083464705,pekinese,0.589011,True
668636665813057536,komondor,0.999956,True
668641109086707712,vacuum,0.432594,False
668643542311546881,common iguana,0.483972,False
668645506898350081,ski mask,0.302854,False
668655139528511488,beagle,0.31911,True
668779399630725120,chesapeake bay retriever,0.285508,True
668815180734689280,redbone,0.461172,True
668826086256599040,malinois,0.640185,True
668852170888998912,golden retriever,0.903529,True
668872652652679168,teddy,0.413379,False
668892474547511297,kelpie,0.421979,True
668902994700836864,brittany spaniel,0.828425,True
668932921458302977,standard poodle,0.237638,True
668955713004314625,cocker spaniel,0.367492,True
668960084974809088,shower curtain,0.226309,False
668975677807423489,basset,0.605437,True
668979806671884288,golden retriever,0.608537,True
668981893510119424,jellyfish,0.447246,False
668986018524233728,doormat,0.976103,False
668988183816871936,arabian camel,0.999614,False
668989615043424256,pug,0.917326,True
668992363537309700,lynx,0.287506,False
668994913074286592,hog,0.113789,False
669000397445533696,pembroke,0.82294,True
669006782128353280,chihuahua,0.1271779999999999,True
669015743032369152,comic book,0.275927,False
669037058363662336,chihuahua,0.803528,True
669203728096960512,pug,0.910452,True
669214165781868544,minivan,0.435396,False
669216679721873412,golden retriever,0.992758,True
669324657376567296,seashore,0.201659,False
669327207240699904,golden retriever,0.919584,True
669328503091937280,siberian husky,0.424202,True
669351434509529089,cuirass,0.756829,False
669353438988365824,teddy,0.379656,False
669354382627049472,chihuahua,0.97399,True
669359674819481600,labrador retriever,0.367818,True
669363888236994561,golden retriever,0.539004,True
669367896104181761,basset,0.749394,True
669371483794317312,brabancon griffon,0.483268,True
669375718304980992,airedale,0.168762,True
669393256313184256,cocker spaniel,0.3598429999999999,True
669564461267722241,toy poodle,0.623685,True
669567591774625800,chihuahua,0.980511,True
669571471778410496,minivan,0.8734879999999999,False
669573570759163904,west highland white terrier,0.946828,True
669583744538451968,candle,0.174315,False
669597912108789760,eskimo dog,0.595665,True
669603084620980224,maltese dog,0.659619,True
669625907762618368,seat belt,0.874502,False
669661792646373376,weasel,0.262802,False
669680153564442624,dalmatian,0.141257,True
669682095984410625,christmas stocking,0.188397,False
669683899023405056,pomeranian,0.998275,True
669749430875258880,washbasin,0.245794,False
669753178989142016,pembroke,0.8584940000000001,True
669923323644657664,car mirror,0.343063,False
669926384437997569,pomeranian,0.984231,True
669942763794931712,vizsla,0.743216,True
669970042633789440,miniature pinscher,0.734744,True
669972011175813120,teddy,0.953071,False
669993076832759809,piggy bank,0.17632,False
670003130994700288,beagle,0.375313,True
670037189829525505,pot,0.273767,False
670040295598354432,web site,0.901552,False
670046952931721218,blenheim spaniel,0.998335,True
670055038660800512,snail,0.563631,False
670061506722140161,italian greyhound,0.329339,True
670069087419133954,boathouse,0.3138289999999999,False
670073503555706880,malamute,0.6018859999999999,True
670079681849372674,mud turtle,0.157477,False
670086499208155136,german short-haired pointer,0.273492,True
670093938074779648,toy poodle,0.383346,True
670290420111441920,chihuahua,0.368876,True
670303360680108032,shetland sheepdog,0.380278,True
670319130621435904,irish terrier,0.2548559999999999,True
670338931251150849,cairn,0.245033,True
670361874861563904,platypus,0.974075,False
670374371102445568,english springer,0.974936,True
670385711116361728,whippet,0.178027,True
670403879788544000,pug,0.8022229999999999,True
670408998013820928,ping-pong ball,0.999945,False
670411370698022913,maltese dog,0.584397,True
670417414769758208,sea urchin,0.4932569999999999,False
670420569653809152,bow tie,0.268759,False
670421925039075328,chihuahua,0.275793,True
670427002554466305,seat belt,0.952258,False
670428280563085312,chow,0.335269,True
670433248821026816,window shade,0.583427,False
670434127938719744,jack-o'-lantern,0.91914,False
670435821946826752,sorrel,0.46037,False
670442337873600512,sussex spaniel,0.403552,True
670444955656130560,english springer,0.403698,True
670449342516494336,peacock,0.999924,False
670452855871037440,arctic fox,0.188174,False
670465786746662913,axolotl,0.611558,False
670468609693655041,minivan,0.730152,False
670474236058800128,wool,0.070076,False
670668383499735048,banana,0.107317,False
670676092097810432,dandie dinmont,0.6761020000000001,True
670679630144274432,ibizan hound,0.342734,True
670691627984359425,shetland sheepdog,0.0711243999999999,True
670704688707301377,norwich terrier,0.419838,True
670717338665226240,pomeranian,0.368161,True
670727704916926465,wood rabbit,0.368562,False
670733412878163972,dhole,0.350416,False
670755717859713024,keeshond,0.994065,True
670764103623966721,norfolk terrier,0.17285,True
670778058496974848,pug,0.776612,True
670780561024270336,labrador retriever,0.244889,True
670782429121134593,chihuahua,0.952963,True
670783437142401025,lacewing,0.381955,False
670786190031921152,dingo,0.7771239999999999,False
670789397210615808,beagle,0.295966,True
670792680469889025,brown bear,0.882426,False
670797304698376195,pembroke,0.472197,True
670803562457407488,basenji,0.344101,True
670804601705242624,pomeranian,0.86856,True
670807719151067136,old english sheepdog,0.958035,True
670811965569282048,basset,0.99409,True
670815497391357952,american staffordshire terrier,0.919714,True
670822709593571328,web site,0.993887,False
670823764196741120,labrador retriever,0.947453,True
670826280409919488,scorpion,0.927956,False
670832455012716544,malinois,0.317607,True
670833812859932673,pekinese,0.609853,True
670838202509447168,flamingo,0.99271,False
670840546554966016,shih-tzu,0.963622,True
670842764863651840,microphone,0.0960627,False
670995969505435648,redbone,0.8662209999999999,True
671109016219725825,basenji,0.855959,True
671115716440031232,malinois,0.406341,True
671122204919246848,goose,0.351957,False
671134062904504320,shih-tzu,0.1803799999999999,True
671138694582165504,samoyed,0.587342,True
671141549288370177,guinea pig,0.387728,False
671147085991960577,yorkshire terrier,0.467202,True
671151324042559489,rottweiler,0.781201,True
671154572044468225,labrador retriever,0.495047,True
671159727754231808,pitcher,0.117446,False
671163268581498880,african hunting dog,0.733025,False
671166507850801152,refrigerator,0.829772,False
671182547775299584,rottweiler,0.331179,True
671186162933985280,chihuahua,0.319106,True
671347597085433856,picket fence,0.382918,False
671355857343524864,miniature poodle,0.313811,True
671357843010908160,italian greyhound,0.831757,True
671362598324076544,tub,0.3936159999999999,False
671390180817915904,zebra,0.997673,False
671485057807351808,samoyed,0.627901,True
671486386088865792,german shepherd,0.8270350000000001,True
671488513339211776,hermit crab,0.5287609999999999,False
671497587707535361,swing,0.0891647,False
671504605491109889,toy poodle,0.259115,True
671511350426865664,hermit crab,0.625409,False
671518598289059840,lakeland terrier,0.428275,True
671520732782923777,pomeranian,0.551031,True
671528761649688577,doberman,0.782626,True
671533943490011136,hen,0.556524,False
671536543010570240,pug,0.537652,True
671538301157904385,park bench,0.194211,False
671542985629241344,shetland sheepdog,0.980339,True
671544874165002241,feather boa,0.240858,False
671547767500775424,loafer,0.255088,False
671561002136281088,gordon setter,0.4693729999999999,True
671729906628341761,kuvasz,0.4314689999999999,True
671735591348891648,stone wall,0.271121,False
671743150407421952,toy poodle,0.419427,True
671744970634719232,ice bear,0.251193,False
671763349865160704,prayer rug,0.445334,False
671768281401958400,chihuahua,0.500373,True
671789708968640512,dalmatian,0.1142589999999999,True
671855973984772097,chimpanzee,0.636031,False
671866342182637568,labrador retriever,0.8756139999999999,True
671874878652489728,china cabinet,0.996031,False
671879137494245376,bee eater,0.302648,False
671882082306625538,ski mask,0.968325,False
671891728106971137,labrador retriever,0.567933,True
671896809300709376,chow,0.243529,True
672068090318987265,pug,0.8633850000000001,True
672082170312290304,hamster,0.13244,False
672095186491711488,pug,0.794087,True
672125275208069120,tennis ball,0.999834,False
672139350159835138,rottweiler,0.290992,True
672160042234327040,pug,0.561027,True
672169685991993344,cocker spaniel,0.991011,True
672205392827572224,carton,0.952613,False
672222792075620352,beagle,0.958178,True
672231046314901505,killer whale,0.8239190000000001,False
672239279297454080,pug,0.332536,True
672245253877968896,chihuahua,0.7189439999999999,True
672248013293752320,irish terrier,0.4131729999999999,True
672254177670729728,pug,0.979487,True
672256522047614977,ostrich,0.999004,False
672264251789176834,chihuahua,0.6098600000000001,True
672267570918129665,irish terrier,0.716932,True
672272411274932228,pug,0.914685,True
672466075045466113,cocker spaniel,0.150424,True
672475084225949696,terrapin,0.879286,False
672481316919734272,border collie,0.599454,True
672482722825261057,west highland white terrier,0.5861729999999999,True
672488522314567680,doberman,0.605358,True
672523490734551040,golden retriever,0.5659810000000001,True
672538107540070400,siamese cat,0.383937,False
672591271085670400,gondola,0.13429,False
672591762242805761,kuvasz,0.777659,True
672594978741354496,great pyrenees,0.755945,True
672604026190569472,toy poodle,0.8201579999999999,True
672609152938721280,microwave,0.981946,False
672614745925664768,starfish,0.712717,False
672622327801233409,golden retriever,0.952773,True
672640509974827008,chesapeake bay retriever,0.420155,True
672828477930868736,sandbar,0.118154,False
672834301050937345,pembroke,0.5825600000000001,True
672877615439593473,chihuahua,0.412362,True
672884426393653248,tusker,0.1224099999999999,False
672898206762672129,motor scooter,0.8358190000000001,False
672902681409806336,ram,0.3744659999999999,False
672964561327235073,chihuahua,0.2923429999999999,True
672968025906282496,toy poodle,0.678046,True
672970152493887488,leaf beetle,0.340154,False
672975131468300288,pug,0.8364209999999999,True
672980819271634944,car mirror,0.232754,False
672984142909456390,wombat,0.73878,False
672988786805112832,lakeland terrier,0.8366319999999999,True
672995267319328768,french bulldog,0.7195590000000001,True
672997845381865473,chow,0.517255,True
673148804208660480,tub,0.8730100000000001,False
673213039743795200,schipperke,0.8880819999999999,True
673240798075449344,airedale,0.443004,True
673270968295534593,shih-tzu,0.610453,True
673295268553605120,golden retriever,0.889241,True
673317986296586240,miniature pinscher,0.3840989999999999,True
673320132811366400,samoyed,0.978833,True
673342308415348736,ski mask,0.981017,False
673343217010679808,chihuahua,0.541408,True
673345638550134785,hamster,0.761025,False
673350198937153538,west highland white terrier,0.119188,True
673352124999274496,golden retriever,0.672808,True
673355879178194945,rottweiler,0.5292479999999999,True
673359818736984064,english setter,0.6965680000000001,True
673363615379013632,ox,0.193431,False
673576835670777856,teddy,0.25521,False
673580926094458881,beagle,0.985062,True
673583129559498752,arctic fox,0.153271,False
673612854080196609,newfoundland,0.223101,True
673636718965334016,wombat,0.880257,False
673656262056419329,bull mastiff,0.700625,True
673662677122719744,labrador retriever,0.95767,True
673680198160809984,samoyed,0.989853,True
673686845050527744,pekinese,0.1859029999999999,True
673688752737402881,soft-coated wheaten terrier,0.340806,True
673689733134946305,chesapeake bay retriever,0.38222,True
673697980713705472,porcupine,0.151876,False
673700254269775872,water bottle,0.614536,False
673705679337693185,shih-tzu,0.165383,True
673707060090052608,german short-haired pointer,0.935771,True
673708611235921920,golden retriever,0.936333,True
673709992831262724,chihuahua,0.330171,True
673711475735838725,maltese dog,0.607401,True
673715861853720576,suit,0.404115,False
673887867907739649,brabancon griffon,0.216767,True
673906403526995968,toilet seat,0.683319,False
673919437611909120,jack-o'-lantern,0.172079,False
673956914389192708,pug,0.5861609999999999,True
674008982932058114,jigsaw puzzle,0.97081,False
674014384960745472,pembroke,0.74232,True
674019345211760640,collie,0.992732,True
674024893172875264,pomeranian,0.6485,True
674036086168010753,toy poodle,0.685617,True
674038233588723717,eskimo dog,0.358459,True
674042553264685056,toy poodle,0.927975,True
674045139690631169,robin,0.369661,False
674051556661161984,shih-tzu,0.179777,True
674053186244734976,cardigan,0.984725,True
674063288070742018,ostrich,0.661176,False
674075285688614912,airedale,0.305392,True
674082852460433408,pomeranian,0.666957,True
674255168825880576,eskimo dog,0.615741,True
674262580978937856,greater swiss mountain dog,0.519428,True
674265582246694913,slug,0.998075,False
674269164442398721,pug,0.6229210000000001,True
674271431610523648,german shepherd,0.991454,True
674291837063053312,cardigan,0.611525,True
674318007229923329,porcupine,0.846628,False
674372068062928900,seashore,0.346126,False
674394782723014656,toilet tissue,0.134983,False
674410619106390016,brown bear,0.698207,False
674416750885273600,chihuahua,0.287201,True
674422304705744896,golden retriever,0.964497,True
674436901579923456,acorn squash,0.375392,False
674447403907457024,brabancon griffon,0.409909,True
674468880899788800,chow,0.52623,True
674632714662858753,jellyfish,0.4327479999999999,False
674638615994089473,pomeranian,0.846986,True
674644256330530816,soccer ball,0.398102,False
674646392044941312,flat-coated retriever,0.837448,True
674664755118911488,african crocodile,0.330625,False
674670581682434048,malamute,0.180079,True
674690135443775488,tick,0.242538,False
674737130913071104,pomeranian,0.948537,True
674739953134403584,dandie dinmont,0.175915,True
674743008475090944,bernese mountain dog,0.583054,True
674752233200820224,vizsla,0.665516,True
674754018082705410,seashore,0.352321,False
674764817387900928,samoyed,0.634695,True
674767892831932416,shower curtain,0.238855,False
674774481756377088,chihuahua,0.407016,True
674781762103414784,ocarina,0.148975,False
674788554665512960,miniature poodle,0.349561,True
674790488185167872,labrador retriever,0.8019029999999999,True
674793399141146624,giant schnauzer,0.119693,True
674800520222154752,pembroke,0.8764790000000001,True
674805413498527744,english springer,0.594467,True
674999807681908736,rottweiler,0.591829,True
675003128568291329,pembroke,0.655279,True
675006312288268288,boxer,0.654697,True
675015141583413248,street sign,0.290091,False
675047298674663426,samoyed,0.978007,True
675109292475830276,dalmatian,0.989519,True
675111688094527488,labrador retriever,0.631501,True
675113801096802304,bow,0.16802,False
675135153782571009,stove,0.587507,False
675145476954566656,labrador retriever,0.458746,True
675146535592706048,dingo,0.2884469999999999,False
675147105808306176,golden retriever,0.949215,True
675149409102012420,chow,0.999876,True
675153376133427200,paper towel,0.327957,False
675166823650848770,llama,0.284394,False
675334060156301312,pembroke,0.773135,True
675349384339542016,borzoi,0.866367,True
675354435921575936,upright,0.303415,False
675362609739206656,labrador retriever,0.479008,True
675372240448454658,chihuahua,0.416385,True
675432746517426176,labrador retriever,0.986548,True
675483430902214656,box turtle,0.543706,False
675489971617296384,west highland white terrier,0.139613,True
675497103322386432,vizsla,0.5195890000000001,True
675501075957489664,dough,0.806757,False
675517828909424640,scottish deerhound,0.240591,True
675522403582218240,cocker spaniel,0.299708,True
675531475945709568,pembroke,0.918441,True
675534494439489536,chow,0.749368,True
675706639471788032,english springer,0.9903,True
675707330206547968,bath towel,0.721933,False
675710890956750848,standard schnauzer,0.441427,True
675740360753160193,golden retriever,0.800495,True
675781562965868544,maltese dog,0.921968,True
675798442703122432,beagle,0.681218,True
675820929667219457,basset,0.556373,True
675822767435051008,pomeranian,0.46071,True
675845657354215424,pug,0.8839520000000001,True
675853064436391936,labrador retriever,0.868367,True
675870721063669760,golden retriever,0.263892,True
675878199931371520,wood rabbit,0.785756,False
675888385639251968,west highland white terrier,0.672117,True
675891555769696257,italian greyhound,0.305637,True
675898130735476737,labrador retriever,0.40743,True
676089483918516224,bull mastiff,0.743808,True
676098748976615425,walking stick,0.162179,False
676101918813499392,shih-tzu,0.225848,True
676146341966438401,irish water spaniel,0.388332,True
676191832485810177,chihuahua,0.376741,True
676215927814406144,hamster,0.999484,False
676219687039057920,bubble,0.997556,False
676237365392908289,french bulldog,0.961996,True
676263575653122048,teddy,0.0982826,False
676430933382295552,golden retriever,0.583875,True
676440007570247681,maltese dog,0.579472,True
676470639084101634,golden retriever,0.7903859999999999,True
676496375194980353,pug,0.985387,True
676533798876651520,chow,0.2652739999999999,True
676575501977128964,feather boa,0.424106,False
676582956622721024,seat belt,0.790028,False
676588346097852417,boston bull,0.976577,True
676603393314578432,whippet,0.8770209999999999,True
676606785097199616,loafer,0.202999,False
676613908052996102,book jacket,0.4937899999999999,False
676617503762681856,chihuahua,0.841084,True
676776431406465024,doormat,0.201346,False
676811746707918848,chihuahua,0.440916,True
676819651066732545,rain barrel,0.625555,False
676821958043033607,great pyrenees,0.8698040000000001,True
676864501615042560,chesapeake bay retriever,0.371146,True
676897532954456065,hamster,0.628255,False
676936541936185344,chesapeake bay retriever,0.5452859999999999,True
676942428000112642,black-footed ferret,0.707199,False
676946864479084545,pekinese,0.752707,True
676948236477857792,guenon,0.611603,False
676949632774234114,welsh springer spaniel,0.206479,True
676957860086095872,labrador retriever,0.772423,True
676975532580409345,malamute,0.363257,True
677187300187611136,english setter,0.282396,True
677228873407442944,common iguana,0.566338,False
677269281705472000,shetland sheepdog,0.656616,True
677301033169788928,japanese spaniel,0.6611779999999999,True
677314812125323265,blenheim spaniel,0.924127,True
677328882937298944,water buffalo,0.42425,False
677331501395156992,beagle,0.3134639999999999,True
677334615166730240,lakeland terrier,0.859392,True
677530072887205888,staffordshire bullterrier,0.6892590000000001,True
677547928504967168,american staffordshire terrier,0.914978,True
677557565589463040,seat belt,0.277257,False
677565715327688705,basset,0.397295,True
677573743309385728,patio,0.5350699999999999,False
677644091929329666,chihuahua,0.626236,True
677662372920729601,cowboy hat,0.25611,False
677673981332312066,maltese dog,0.817908,True
677687604918272002,pembroke,0.573047,True
677698403548192770,shih-tzu,0.916645,True
677700003327029250,siberian husky,0.120849,True
677716515794329600,teddy,0.6629079999999999,False
677895101218201600,dalmatian,0.550702,True
677918531514703872,eskimo dog,0.199347,True
678021115718029313,miniature pinscher,0.822048,True
678255464182861824,chihuahua,0.613819,True
678278586130948096,maltese dog,0.897841,True
678334497360859136,norfolk terrier,0.378643,True
678341075375947776,golden retriever,0.853284,True
678380236862578688,dogsled,0.08854,False
678389028614488064,miniature pinscher,0.516284,True
678396796259975168,pembroke,0.95618,True
678399652199309312,swing,0.929196,False
678410210315247616,schipperke,0.145877,True
678424312106393600,maltese dog,0.759945,True
678446151570427904,staffordshire bullterrier,0.284492,True
678643457146150913,labrador retriever,0.338757,True
678675843183484930,maze,0.33985,False
678740035362037760,seat belt,0.7871640000000001,False
678755239630127104,malamute,0.606654,True
678764513869611008,irish terrier,0.696646,True
678767140346941444,harp,0.8211200000000001,False
678774928607469569,pembroke,0.194681,True
678798276842360832,airedale,0.583122,True
678800283649069056,labrador retriever,0.213673,True
678969228704284672,labrador retriever,0.680251,True
678991772295516161,eskimo dog,0.330216,True
679047485189439488,panpipe,0.962572,False
679062614270468097,cash machine,0.802333,False
679111216690831360,kelpie,0.189423,True
679132435750195208,scottish deerhound,0.1946099999999999,True
679148763231985668,italian greyhound,0.302685,True
679158373988876288,pug,0.272205,True
679462823135686656,toy poodle,0.62178,True
679475951516934144,maltese dog,0.145742,True
679503373272485890,porcupine,0.999846,False
679511351870550016,chihuahua,0.761972,True
679527802031484928,mailbox,0.336393,False
679530280114372609,dalmatian,0.750256,True
679722016581222400,boxer,0.459604,True
679729593985699840,wallaby,0.164215,False
679736210798047232,french bulldog,0.319139,True
679777920601223168,bloodhound,0.5288189999999999,True
679828447187857408,chihuahua,0.346545,True
679844490799091713,airedale,0.903832,True
679854723806179328,llama,0.887963,False
679862121895714818,entlebucher,0.5232060000000001,True
679877062409191424,hog,0.809466,False
680055455951884288,samoyed,0.995466,True
680070545539371008,earthstar,0.127701,False
680085611152338944,pillow,0.778113,False
680100725817409536,golden retriever,0.6989609999999999,True
680115823365742593,pug,0.999365,True
680130881361686529,maltese dog,0.199121,True
680145970311643136,miniature poodle,0.457117,True
680161097740095489,bluetick,0.268681,True
680176173301628928,christmas stocking,0.2075469999999999,False
680191257256136705,brittany spaniel,0.7332529999999999,True
680206703334408192,christmas stocking,0.149758,False
680221482581123072,bubble,0.240173,False
680440374763077632,space heater,0.920367,False
680473011644985345,lakeland terrier,0.796694,True
680494726643068929,kuvasz,0.438627,True
680497766108381184,chihuahua,0.538354,True
680583894916304897,tub,0.8898010000000001,False
680609293079592961,french bulldog,0.700764,True
680798457301471234,ram,0.4997609999999999,False
680801747103793152,pug,0.99672,True
680836378243002368,pembroke,0.427781,True
680889648562991104,shetland sheepdog,0.876337,True
680913438424612864,pomeranian,0.615678,True
680934982542561280,labrador retriever,0.7843979999999999,True
680940246314430465,soft-coated wheaten terrier,0.289598,True
680959110691590145,carousel,0.500992,False
680970795137544192,pug,0.713102,True
681193455364796417,pomeranian,0.992619,True
681231109724700672,irish setter,0.406047,True
681242418453299201,motor scooter,0.255934,False
681261549936340994,tibetan terrier,0.382101,True
681281657291280384,saint bernard,0.99883,True
681297372102656000,lhasa,0.482401,True
681302363064414209,frilled lizard,0.326259,False
681320187870711809,samoyed,0.362596,True
681339448655802368,seat belt,0.5324409999999999,False
681523177663676416,norfolk terrier,0.205067,True
681579835668455424,rottweiler,0.760671,True
681610798867845120,toy poodle,0.8217040000000001,True
681654059175129088,pomeranian,0.800538,True
681679526984871937,birdhouse,0.472351,False
681694085539872773,toy poodle,0.920992,True
681891461017812993,chihuahua,0.20357,True
681981167097122816,labrador retriever,0.452577,True
682003177596559360,triceratops,0.2498719999999999,False
682032003584274432,schipperke,0.997953,True
682047327939461121,teddy,0.364095,False
682059653698686977,jigsaw puzzle,0.995873,False
682242692827447297,snorkel,0.504983,False
682259524040966145,siberian husky,0.43967,True
682303737705140231,seat belt,0.997659,False
682389078323662849,curly-coated retriever,0.482288,True
682393905736888321,vizsla,0.657275,True
682406705142087680,wombat,0.709344,False
682429480204398592,whippet,0.594701,True
682638830361513985,english springer,0.440781,True
682662431982772225,beagle,0.4138239999999999,True
682697186228989953,bald eagle,0.097232,False
682750546109968385,english setter,0.947198,True
682788441537560576,toyshop,0.37561,False
682962037429899265,dingo,0.2786,False
683030066213818368,boxer,0.722218,True
683078886620553216,koala,0.141432,False
683098815881154561,golden retriever,0.889848,True
683111407806746624,cocker spaniel,0.901392,True
683142553609318400,leonberg,0.605851,True
683357973142474752,pembroke,0.406509,True
683391852557561860,french bulldog,0.992833,True
683449695444799489,lakeland terrier,0.303512,True
683462770029932544,italian greyhound,0.3995599999999999,True
683481228088049664,keeshond,0.508951,True
683498322573824003,airedale,0.945362,True
683742671509258241,pembroke,0.895279,True
683773439333797890,miniature pinscher,0.0728852,True
683828599284170753,malamute,0.577376,True
683834909291606017,maltese dog,0.738449,True
683849932751646720,hog,0.458855,False
683852578183077888,toy poodle,0.5513520000000001,True
683857920510050305,bluetick,0.174738,True
684097758874210310,labrador retriever,0.6278560000000001,True
684122891630342144,cheetah,0.8221930000000001,False
684177701129875456,chow,0.334783,True
684188786104872960,kelpie,0.537782,True
684195085588783105,chihuahua,0.379365,True
684200372118904832,llama,0.681347,False
684222868335505415,soft-coated wheaten terrier,0.7911819999999999,True
684225744407494656,golden retriever,0.203249,True
684241637099323392,pembroke,0.508498,True
684460069371654144,labrador retriever,0.673691,True
684481074559381504,chihuahua,0.93781,True
684538444857667585,chihuahua,0.702583,True
684567543613382656,minibus,0.401942,False
684594889858887680,weimaraner,0.948688,True
684800227459624960,miniature schnauzer,0.294457,True
684880619965411328,clog,0.0811009999999999,False
684902183876321280,pembroke,0.708034,True
684914660081053696,shopping cart,0.46095,False
684926975086034944,labrador retriever,0.769412,True
684940049151070208,border collie,0.665578,True
684959798585110529,llama,0.3796239999999999,False
685169283572338688,bernese mountain dog,0.975096,True
685198997565345792,dishwasher,0.8888290000000001,False
685268753634967552,pug,0.999044,True
685307451701334016,pomeranian,0.963176,True
685315239903100929,chow,0.4701619999999999,True
685321586178670592,boston bull,0.972483,True
685325112850124800,golden retriever,0.586937,True
685532292383666176,white wolf,0.318524,False
685547936038666240,web site,0.923987,False
685641971164143616,lakeland terrier,0.253839,True
685663452032069632,chesapeake bay retriever,0.171174,True
685667379192414208,sliding door,0.344526,False
685906723014619143,yorkshire terrier,0.414963,True
685943807276412928,papillon,0.200812,True
685973236358713344,siberian husky,0.4506779999999999,True
686003207160610816,damselfly,0.1907859999999999,False
686007916130873345,rhodesian ridgeback,0.885301,True
686034024800862208,great dane,0.23692,True
686050296934563840,pomeranian,0.985789,True
686358356425093120,pug,0.985237,True
686377065986265092,german shepherd,0.830816,True
686386521809772549,yorkshire terrier,0.477704,True
686606069955735556,labrador retriever,0.3200119999999999,True
686618349602762752,rottweiler,0.441331,True
686683045143953408,norwich terrier,0.100499,True
686730991906516992,tibetan mastiff,0.338812,True
686749460672679938,cheeseburger,0.643808,False
686947101016735744,refrigerator,0.799795,False
687096057537363968,labrador retriever,0.4171069999999999,True
687102708889812993,fiddler crab,0.992069,False
687109925361856513,borzoi,0.883086,True
687124485711986689,car mirror,0.997121,False
687127927494963200,pug,0.178205,True
687312378585812992,seat belt,0.703561,False
687317306314240000,shih-tzu,0.747208,True
687460506001633280,boston bull,0.2233659999999999,True
687476254459715584,wood rabbit,0.702725,False
687480748861947905,english springer,0.4722729999999999,True
687494652870668288,rottweiler,0.391471,True
687664829264453632,pug,0.957365,True
687704180304273409,miniature pinscher,0.956063,True
687807801670897665,staffordshire bullterrier,0.151113,True
687818504314159109,lakeland terrier,0.873029,True
687826841265172480,pomeranian,0.99721,True
688064179421470721,eskimo dog,0.240602,True
688116655151435777,pug,0.973819,True
688179443353796608,sorrel,0.81152,False
688211956440801280,bannister,0.3694489999999999,False
688385280030670848,golden retriever,0.900437,True
688519176466644993,pembroke,0.696372,True
688547210804498433,papillon,0.531279,True
688789766343622656,american staffordshire terrier,0.5996600000000001,True
688804835492233216,malinois,0.199512,True
688828561667567616,cardigan,0.6142310000000001,True
688894073864884227,hog,0.669996,False
688898160958271489,ibizan hound,0.8531700000000001,True
688908934925697024,crane,0.158859,False
688916208532455424,pembroke,0.430544,True
689143371370250240,english springer,0.3037809999999999,True
689154315265683456,cocker spaniel,0.816044,True
689275259254616065,american staffordshire terrier,0.215161,True
689280876073582592,chihuahua,0.6375460000000001,True
689283819090870273,scotch terrier,0.267979,True
689289219123089408,snowmobile,0.254642,False
689517482558820352,pembroke,0.799319,True
689557536375177216,eskimo dog,0.169482,True
689599056876867584,dogsled,0.426494,False
689623661272240129,toy poodle,0.279604,True
689659372465688576,bustard,0.225221,False
689661964914655233,italian greyhound,0.322818,True
689835978131935233,collie,0.600186,True
689877686181715968,old english sheepdog,0.269155,True
689905486972461056,pomeranian,0.943331,True
689977555533848577,cowboy hat,0.291081,False
689999384604450816,standard poodle,0.444499,True
690005060500217858,samoyed,0.270287,True
690015576308211712,malamute,0.949609,True
690021994562220032,badger,0.28955,False
690248561355657216,motor scooter,0.38269,False
690360449368465409,pug,0.686933,True
690374419777196032,kuvasz,0.2863449999999999,True
690400367696297985,pembroke,0.426459,True
690597161306841088,lhasa,0.0974997,True
690649993829576704,bighorn,0.215438,False
690690673629138944,bath towel,0.1945319999999999,False
690728923253055490,kuvasz,0.422806,True
690735892932222976,golden retriever,0.883229,True
690932576555528194,snorkel,0.526536,False
690938899477221376,geyser,0.370318,False
690959652130045952,golden retriever,0.862964,True
691090071332753408,barrow,0.241637,False
691096613310316544,borzoi,0.4412689999999999,True
691321916024623104,rottweiler,0.508981,True
691416866452082688,lakeland terrier,0.530104,True
691444869282295808,bernese mountain dog,0.767563,True
691459709405118465,shetland sheepdog,0.5512060000000001,True
691483041324204033,bloodhound,0.886232,True
691675652215414786,chihuahua,0.182898,True
691756958957883396,saint bernard,0.342571,True
691820333922455552,minivan,0.332756,False
692017291282812928,tibetan terrier,0.247565,True
692142790915014657,toy poodle,0.670068,True
692158366030913536,pug,0.956565,True
692187005137076224,siberian husky,0.810592,True
692417313023332352,bison,0.2089219999999999,False
692530551048294401,siberian husky,0.4864279999999999,True
692535307825213440,pug,0.4130899999999999,True
692568918515392513,golden retriever,0.636845,True
692752401762250755,samoyed,0.471276,True
692828166163931137,samoyed,0.985857,True
692894228850999298,german short-haired pointer,0.876977,True
692901601640583168,soft-coated wheaten terrier,0.403496,True
692905862751522816,mexican hairless,0.162638,True
692919143163629568,saint bernard,0.612635,True
693095443459342336,ice lolly,0.660099,False
693109034023534592,cocker spaniel,0.740013,True
693155686491000832,shih-tzu,0.69748,True
693231807727280129,vizsla,0.8764129999999999,True
693262851218264065,golden retriever,0.989333,True
693280720173801472,labrador retriever,0.340008,True
693486665285931008,sea lion,0.5198109999999999,False
693590843962331137,dining table,0.383448,False
693622659251335168,malamute,0.449298,True
693629975228977152,pug,0.841987,True
693642232151285760,scottish deerhound,0.111893,True
693647888581312512,washbasin,0.272451,False
693942351086120961,groenendael,0.550796,True
694001791655137281,pembroke,0.769999,True
694183373896572928,teddy,0.441499,False
694206574471057408,shih-tzu,0.352547,True
694329668942569472,boxer,0.99006,True
694352839993344000,australian terrier,0.407886,True
694356675654983680,hamster,0.429871,False
694669722378485760,beaver,0.4570939999999999,False
694905863685980160,bow tie,0.449268,False
695051054296211456,boston bull,0.761454,True
695064344191721472,seat belt,0.522211,False
695074328191332352,shih-tzu,0.5101060000000001,True
695095422348574720,papillon,0.227784,True
695314793360662529,maltese dog,0.678547,True
695409464418041856,pug,0.997445,True
695446424020918272,basenji,0.748904,True
695629776980148225,old english sheepdog,0.693857,True
695767669421768709,soft-coated wheaten terrier,0.805139,True
695794761660297217,samoyed,0.962139,True
695816827381944320,pomeranian,0.382234,True
696405997980676096,borzoi,0.132845,True
696488710901260288,briard,0.369063,True
696713835009417216,car mirror,0.379797,False
696754882863349760,weasel,0.1378319999999999,False
696877980375769088,space heater,0.206876,False
696886256886657024,kuvasz,0.383941,True
696894894812565505,appenzeller,0.665628,True
696900204696625153,chihuahua,0.2977349999999999,True
697242256848379904,grey fox,0.236031,False
697255105972801536,great dane,0.173989,True
697259378236399616,great dane,0.999223,True
697270446429966336,toy poodle,0.880014,True
697463031882764288,labrador retriever,0.999885,True
697482927769255936,bath towel,0.1105869999999999,False
697575480820686848,siamese cat,0.256698,False
697596423848730625,shetland sheepdog,0.621668,True
697616773278015490,lhasa,0.521931,True
697881462549430272,washbasin,0.176423,False
697943111201378304,great dane,0.126924,True
697990423684476929,pembroke,0.984783,True
697995514407682048,staffordshire bullterrier,0.2802219999999999,True
698178924120031232,chesapeake bay retriever,0.3518679999999999,True
698195409219559425,labrador retriever,0.64369,True
698262614669991936,italian greyhound,0.107948,True
698342080612007937,boxer,0.8830479999999999,True
698355670425473025,pug,0.990191,True
698549713696649216,french bulldog,0.998544,True
698635131305795584,samoyed,0.158464,True
698703483621523456,brittany spaniel,0.931963,True
698710712454139905,samoyed,0.329895,True
698907974262222848,german short-haired pointer,0.983131,True
698953797952008193,italian greyhound,0.382378,True
698989035503689728,norfolk terrier,0.24634,True
699036661657767936,chihuahua,0.2229429999999999,True
699072405256409088,shih-tzu,0.599587,True
699079609774645248,schipperke,0.667324,True
699088579889332224,mousetrap,0.456186,False
699323444782047232,labrador retriever,0.309696,True
699370870310113280,cairn,0.337557,True
699413908797464576,samoyed,0.517479,True
699423671849451520,pug,0.99786,True
699434518667751424,golden retriever,0.836572,True
699446877801091073,pembroke,0.9694,True
699691744225525762,hippopotamus,0.982269,False
699775878809702401,dandie dinmont,0.271683,True
699779630832685056,malinois,0.706038,True
699788877217865730,border terrier,0.35506,True
699801817392291840,golden retriever,0.808978,True
700002074055016451,chihuahua,0.369488,True
700029284593901568,west highland white terrier,0.726571,True
700062718104104960,hummingbird,0.180998,False
700143752053182464,golden retriever,0.53246,True
700151421916807169,tennis ball,0.328236,False
700167517596164096,beagle,0.1625849999999999,True
700462010979500032,hamster,0.678651,False
700505138482569216,bath towel,0.449684,False
700518061187723268,american staffordshire terrier,0.569501,True
700747788515020802,great pyrenees,0.481333,True
700796979434098688,tailed frog,0.652712,False
700847567345688576,rhodesian ridgeback,0.2525139999999999,True
700864154249383937,kuvasz,0.8058569999999999,True
700890391244103680,white wolf,0.166563,False
701214700881756160,chihuahua,0.615163,True
701545186879471618,border collie,0.280893,True
701570477911896070,yorkshire terrier,0.90799,True
701601587219795968,chihuahua,0.993661,True
701889187134500865,french bulldog,0.902856,True
701952816642965504,toy poodle,0.331707,True
701981390485725185,pomeranian,0.491022,True
702217446468493312,golden retriever,0.242419,True
702276748847800320,boston bull,0.697303,True
702321140488925184,west highland white terrier,0.769159,True
702539513671897089,pomeranian,0.714367,True
702598099714314240,kelpie,0.2191789999999999,True
702671118226825216,bloodhound,0.381227,True
702684942141153280,golden retriever,0.514085,True
702932127499816960,wallaby,0.41071,False
703041949650034688,hippopotamus,0.581403,False
703079050210877440,pembroke,0.778503,True
703268521220972544,wool,0.5254340000000001,False
703356393781329922,border collie,0.894842,True
703382836347330562,golden retriever,0.945664,True
703407252292673536,doormat,0.201058,False
703425003149250560,miniature pinscher,0.2928659999999999,True
703611486317502464,pembroke,0.756441,True
703631701117943808,window shade,0.909533,False
703769065844768768,boxer,0.838994,True
703774238772166656,labrador retriever,0.990119,True
704054845121142784,great pyrenees,0.6679390000000001,True
704113298707505153,otter,0.945537,False
704347321748819968,teddy,0.233378,False
704364645503647744,pembroke,0.980695,True
704480331685040129,samoyed,0.979206,True
704499785726889984,chihuahua,0.3765409999999999,True
704761120771465216,siamese cat,0.202294,False
704819833553219584,guinea pig,0.994776,False
704847917308362754,golden retriever,0.85724,True
704859558691414016,pug,0.284428,True
704871453724954624,norfolk terrier,0.689504,True
705066031337840642,airedale,0.868658,True
705102439679201280,collie,0.457672,True
705223444686888960,egyptian cat,0.0905082,False
705239209544720384,chihuahua,0.15795,True
705428427625635840,chihuahua,0.774792,True
705442520700944385,great pyrenees,0.309106,True
705475953783398401,golden retriever,0.908784,True
705591895322394625,basenji,0.877207,True
705786532653883392,web site,0.550294,False
705898680587526145,collie,0.808276,True
705970349788291072,golden retriever,0.776346,True
705975130514706432,staffordshire bullterrier,0.5877640000000001,True
706166467411222528,samoyed,0.430418,True
706265994973601792,papillon,0.743715,True
706291001778950144,border terrier,0.587101,True
706310011488698368,pembroke,0.6981649999999999,True
706346369204748288,tibetan mastiff,0.956462,True
706516534877929472,golden retriever,0.7726850000000001,True
706538006853918722,chow,0.541794,True
706593038911545345,four-poster,0.6964229999999999,False
706644897839910912,space heater,0.137871,False
706681918348251136,toy poodle,0.717584,True
706901761596989440,wild boar,0.859499,False
707014260413456384,chihuahua,0.58378,True
707021089608753152,cocker spaniel,0.559658,True
707038192327901184,pug,0.642426,True
707059547140169728,samoyed,0.8973120000000001,True
707297311098011648,blenheim spaniel,0.370717,True
707315916783140866,bernese mountain dog,0.979235,True
707377100785885184,golden retriever,0.637225,True
707387676719185920,chihuahua,0.888468,True
707411934438625280,lakeland terrier,0.7382770000000001,True
707420581654872064,ram,0.518215,False
707610948723478529,golden retriever,0.383223,True
707693576495472641,bathtub,0.499525,False
707741517457260545,whippet,0.738371,True
707776935007539200,miniature pinscher,0.890426,True
707969809498152960,toy poodle,0.908491,True
707995814724026368,agama,0.172087,False
708026248782585858,malinois,0.7864680000000001,True
708109389455101952,staffordshire bullterrier,0.5161060000000001,True
708119489313951744,norwich terrier,0.2644829999999999,True
708130923141795840,french bulldog,0.710354,True
708149363256774660,cardigan,0.350993,True
708349470027751425,muzzle,0.24389,False
708356463048204288,pug,0.871283,True
708469915515297792,chihuahua,0.748163,True
708479650088034305,shih-tzu,0.218479,True
708711088997666817,tennis ball,0.912961,False
708738143638450176,pomeranian,0.933457,True
708810915978854401,golden retriever,0.976139,True
708834316713893888,eskimo dog,0.283945,True
708845821941387268,schipperke,0.74564,True
709042156699303936,hotdog,0.8265790000000001,False
709158332880297985,siberian husky,0.212957,True
709198395643068416,borzoi,0.4907829999999999,True
709207347839836162,chihuahua,0.948323,True
709225125749587968,labrador retriever,0.271109,True
709409458133323776,shetland sheepdog,0.79745,True
709449600415961088,maltese dog,0.780187,True
709519240576036864,cocker spaniel,0.4149819999999999,True
709556954897764353,golden retriever,0.790026,True
709566166965075968,chow,0.999837,True
709852847387627521,chihuahua,0.945629,True
709901256215666688,bib,0.998814,False
709918798883774466,pembroke,0.956222,True
710117014656950272,toy poodle,0.802092,True
710140971284037632,pekinese,0.95317,True
710153181850935296,cowboy hat,0.979053,False
710269109699739648,pug,0.415495,True
710272297844797440,old english sheepdog,0.586307,True
710283270106132480,shih-tzu,0.932401,True
710588934686908417,pembroke,0.982004,True
710658690886586372,soft-coated wheaten terrier,0.948617,True
710833117892898816,pembroke,0.803742,True
710844581445812225,dingo,0.536593,False
710997087345876993,malamute,0.28126,True
711008018775851008,french bulldog,0.731405,True
711306686208872448,leatherback turtle,0.280835,False
711363825979756544,pembroke,0.7509060000000001,True
711652651650457602,llama,0.8567889999999999,False
711694788429553666,brown bear,0.7132930000000001,False
711732680602345472,dingo,0.366875,False
711743778164514816,lakeland terrier,0.4595149999999999,True
711968124745228288,espresso,0.430135,False
711998809858043904,comic book,0.105171,False
712065007010385924,goose,0.214301,False
712085617388212225,shih-tzu,0.625129,True
712092745624633345,triceratops,0.235373,False
712097430750289920,labrador retriever,0.720481,True
712438159032893441,ice bear,0.869477,False
712668654853337088,labrador retriever,0.829058,True
712717840512598017,great pyrenees,0.732043,True
712809025985978368,labrador retriever,0.8686709999999999,True
713175907180089344,timber wolf,0.503788,False
713177543487135744,whippet,0.734244,True
713411074226274305,great pyrenees,0.720337,True
713761197720473600,brittany spaniel,0.797936,True
713900603437621249,golden retriever,0.371816,True
713919462244790272,siberian husky,0.4632229999999999,True
714141408463036416,labrador retriever,0.586951,True
714214115368108032,pug,0.533967,True
714251586676113411,soft-coated wheaten terrier,0.751962,True
714258258790387713,collie,0.176758,True
714606013974974464,norfolk terrier,0.293007,True
714631576617938945,meerkat,0.143497,False
714957620017307648,great pyrenees,0.2515159999999999,True
714982300363173890,brittany spaniel,0.944376,True
715009755312439296,dingo,0.310903,False
715200624753819648,chihuahua,0.956787,True
715220193576927233,chihuahua,0.584026,True
715342466308784130,west highland white terrier,0.597111,True
715360349751484417,nail,0.8555520000000001,False
715680795826982913,golden retriever,0.990715,True
715696743237730304,staffordshire bullterrier,0.427836,True
715733265223708672,dandie dinmont,0.740229,True
715928423106027520,pug,0.976685,True
716080869887381504,golden retriever,0.638625,True
716285507865542656,yorkshire terrier,0.4304199999999999,True
716439118184652801,siberian husky,0.396495,True
716791146589110272,pomeranian,0.468751,True
716802964044845056,malinois,0.619577,True
717009362452090881,siberian husky,0.506154,True
717047459982213120,golden retriever,0.983548,True
717421804990701568,miniature pinscher,0.286479,True
717537687239008257,golden retriever,0.779356,True
717790033953034240,car mirror,0.819106,False
717841801130979328,brittany spaniel,0.922876,True
718234618122661888,malamute,0.370152,True
718246886998687744,chihuahua,0.354488,True
718454725339934721,hammer,0.169865,False
718460005985447936,badger,0.356946,False
718540630683709445,maltese dog,0.632289,True
718613305783398402,labrador retriever,0.58458,True
718631497683582976,pomeranian,0.993718,True
718939241951195136,pembroke,0.7663270000000001,True
718971898235854848,golden retriever,0.140394,True
719332531645071360,dandie dinmont,0.224415,True
719339463458033665,golden retriever,0.765778,True
719367763014393856,swing,0.171486,False
719551379208073216,malamute,0.873233,True
719704490224398336,home theater,0.0590326,False
719991154352222208,golden retriever,0.605304,True
720043174954147842,samoyed,0.954517,True
720059472081784833,mexican hairless,0.451852,True
720340705894408192,alp,0.320126,False
720389942216527872,pembroke,0.873977,True
720415127506415616,rottweiler,0.990312,True
720775346191278080,newfoundland,0.4899699999999999,True
720785406564900865,chihuahua,0.8964219999999999,True
721001180231503872,samoyed,0.950053,True
721503162398597120,pomeranian,0.99775,True
722613351520608256,labrador retriever,0.5309149999999999,True
722974582966214656,great dane,0.2467619999999999,True
723179728551723008,tennis ball,0.176495,False
723673163800948736,golden retriever,0.83939,True
723688335806480385,teddy,0.263256,False
723912936180330496,samoyed,0.991772,True
724004602748780546,siamese cat,0.950526,False
724046343203856385,boxer,0.8262719999999999,True
724049859469295616,border collie,0.581835,True
724405726123311104,golden retriever,0.240695,True
724771698126512129,german short-haired pointer,0.835491,True
724983749226668032,golden retriever,0.67575,True
725729321944506368,boxer,0.599076,True
725786712245440512,chow,0.335761,True
725842289046749185,toy poodle,0.420463,True
726224900189511680,standard poodle,0.261112,True
726828223124897792,miniature pinscher,0.2553269999999999,True
726887082820554753,soft-coated wheaten terrier,0.5159189999999999,True
726935089318363137,teddy,0.821615,False
727175381690781696,flat-coated retriever,0.656463,True
727286334147182592,bonnet,0.14644,False
727314416056803329,toy poodle,0.827469,True
727524757080539137,pomeranian,0.958834,True
727644517743104000,great pyrenees,0.457164,True
727685679342333952,border collie,0.462408,True
728015554473250816,cocker spaniel,0.384559,True
728035342121635841,handkerchief,0.302961,False
728046963732717569,newfoundland,0.255971,True
728387165835677696,collie,0.266414,True
728409960103686147,siamese cat,0.478278,False
728653952833728512,window shade,0.594333,False
728751179681943552,saint bernard,0.48205,True
728760639972315136,pembroke,0.939134,True
728986383096946689,maltese dog,0.95207,True
729113531270991872,stone wall,0.6061880000000001,False
729463711119904772,german shepherd,0.829307,True
729823566028484608,kelpie,0.218408,True
729838605770891264,stone wall,0.7582180000000001,False
729854734790754305,doormat,0.359586,False
730196704625098752,hand blower,0.296145,False
730211855403241472,pug,0.341663,True
730427201120833536,eskimo dog,0.682082,True
730573383004487680,american staffordshire terrier,0.810158,True
730924654643314689,polecat,0.185382,False
731156023742988288,lakeside,0.501767,False
731285275100512256,pembroke,0.967103,True
732005617171337216,english setter,0.677408,True
732375214819057664,tennis ball,0.998673,False
732585889486888962,staffordshire bullterrier,0.843359,True
732726085725589504,pomeranian,0.961902,True
732732193018155009,koala,0.162935,False
733109485275860992,golden retriever,0.945523,True
733460102733135873,chow,0.931275,True
733482008106668032,french bulldog,0.619382,True
733822306246479872,lhasa,0.457356,True
733828123016450049,beagle,0.4723239999999999,True
734776360183431168,siberian husky,0.304902,True
734787690684657664,golden retriever,0.883991,True
734912297295085568,maltese dog,0.847292,True
735137028879360001,walker hound,0.413535,True
735256018284875776,staffordshire bullterrier,0.523191,True
735274964362878976,studio couch,0.944692,False
735635087207878657,pug,0.8918709999999999,True
735648611367784448,pembroke,0.4625939999999999,True
735991953473572864,cocker spaniel,0.961643,True
736010884653420544,golden retriever,0.553901,True
736225175608430592,labrador retriever,0.399217,True
736365877722001409,cup,0.473555,False
736736130620620800,schipperke,0.545502,True
737310737551491075,cliff,0.439077,False
737322739594330112,guinea pig,0.148526,False
737445876994609152,samoyed,0.400568,True
737678689543020544,pembroke,0.935307,True
737800304142471168,malamute,0.374682,True
737826014890496000,vizsla,0.990391,True
738156290900254721,pug,0.751758,True
738166403467907072,keeshond,0.8788860000000001,True
738184450748633089,bedlington terrier,0.289471,True
738402415918125056,cocker spaniel,0.346695,True
738537504001953792,chow,0.808737,True
738883359779196928,labrador retriever,0.691137,True
738885046782832640,bath towel,0.8783200000000001,False
739238157791694849,eskimo dog,0.503372,True
739485634323156992,walker hound,0.640256,True
739544079319588864,labrador retriever,0.967397,True
739606147276148736,blenheim spaniel,0.933755,True
739844404073074688,toy poodle,0.342397,True
739932936087216128,redbone,0.243904,True
739979191639244800,irish water spaniel,0.2858,True
740214038584557568,chesapeake bay retriever,0.586414,True
740359016048689152,golden retriever,0.8636870000000001,True
740365076218183684,bow tie,0.246313,False
740373189193256964,golden retriever,0.8076439999999999,True
740676976021798912,wombat,0.462952,False
740699697422163968,lawn mower,0.878863,False
740711788199743490,toy poodle,0.388277,True
740995100998766593,malamute,0.454363,True
741067306818797568,golden retriever,0.843799,True
741303864243200000,chihuahua,0.7681560000000001,True
741438259667034112,chesapeake bay retriever,0.292675,True
741743634094141440,labrador retriever,0.786089,True
741793263812808706,kuvasz,0.311325,True
742150209887731712,siamese cat,0.112413,False
742161199639494656,balloon,0.990736,False
742385895052087300,cardigan,0.5669109999999999,True
742423170473463808,pug,0.99731,True
742465774154047488,web site,0.997154,False
742528092657332225,sunglasses,0.900864,False
743210557239623680,golden retriever,0.930705,True
743222593470234624,kuvasz,0.350629,True
743253157753532416,malamute,0.442612,True
743510151680958465,sea lion,0.8590459999999999,False
743545585370791937,rapeseed,0.876875,False
743595368194129920,hippopotamus,0.505675,False
743609206067040256,weimaraner,0.982794,True
743895849529389061,dalmatian,0.562315,True
743980027717509120,bull mastiff,0.97573,True
744234799360020481,labrador retriever,0.825333,True
744334592493166593,samoyed,0.960543,True
744709971296780288,shetland sheepdog,0.234431,True
744971049620602880,toy poodle,0.497755,True
744995568523612160,old english sheepdog,0.427481,True
745057283344719872,shetland sheepdog,0.963985,True
745314880350101504,ice bear,0.807762,False
745422732645535745,labrador retriever,0.6638,True
745433870967832576,barrow,0.999962,False
745712589599014916,seat belt,0.379055,False
745789745784041472,pekinese,0.984267,True
746056683365994496,shetland sheepdog,0.43332,True
746131877086527488,chow,0.575637,True
746369468511756288,german shepherd,0.622957,True
746507379341139972,toy poodle,0.508292,True
746726898085036033,golden retriever,0.256505,True
746790600704425984,boston bull,0.936183,True
746818907684614144,dingo,0.175518,False
746872823977771008,pembroke,0.540201,True
746906459439529985,traffic light,0.470708,False
747103485104099331,labrador retriever,0.991954,True
747204161125646336,coil,0.5336989999999999,False
747219827526344708,shetland sheepdog,0.548018,True
747461612269887489,binoculars,0.192717,False
747512671126323200,cardigan,0.111493,True
747594051852075008,basenji,0.389136,True
747600769478692864,chesapeake bay retriever,0.804363,True
747816857231626240,pembroke,0.7689229999999999,True
747844099428986880,pembroke,0.360428,True
747885874273214464,kuvasz,0.40845,True
747933425676525569,samoyed,0.998201,True
747963614829678593,kelpie,0.307672,True
748307329658011649,paddle,0.589066,False
748324050481647620,shetland sheepdog,0.880499,True
748346686624440324,borzoi,0.5964550000000001,True
748568946752774144,tibetan terrier,0.328161,True
748575535303884801,muzzle,0.176172,False
748692773788876800,ox,0.337871,False
748699167502000129,pembroke,0.849029,True
748705597323898880,tiger shark,0.548497,False
748932637671223296,borzoi,0.742912,True
748977405889503236,german short-haired pointer,0.742216,True
749036806121881602,sulphur-crested cockatoo,0.960276,False
749064354620928000,pug,0.985222,True
749317047558017024,wire-haired fox terrier,0.155144,True
749395845976588288,pomeranian,0.973715,True
749403093750648834,chesapeake bay retriever,0.694541,True
749417653287129088,papillon,0.772894,True
749774190421639168,pekinese,0.8790120000000001,True
749981277374128128,bow tie,0.533941,False
749996283729883136,old english sheepdog,0.515319,True
750011400160841729,muzzle,0.2376199999999999,False
750026558547456000,standard poodle,0.258732,True
750041628174217216,labrador retriever,0.252031,True
750056684286914561,saluki,0.4844279999999999,True
750071704093859840,redbone,0.382113,True
750086836815486976,pug,0.978277,True
750101899009982464,golden retriever,0.316704,True
750117059602808832,shih-tzu,0.814405,True
750132105863102464,toy poodle,0.478018,True
750147208377409536,pug,0.977765,True
750383411068534784,border collie,0.672791,True
750429297815552001,golden retriever,0.964929,True
750506206503038976,american black bear,0.2191659999999999,False
750719632563142656,pembroke,0.972587,True
750868782890057730,toy poodle,0.912648,True
751132876104687617,labrador retriever,0.92939,True
751205363882532864,labrador retriever,0.947164,True
751251247299190784,walker hound,0.178852,True
751456908746354688,golden retriever,0.714409,True
751538714308972544,labrador retriever,0.516257,True
751583847268179968,dalmatian,0.8683040000000001,True
751598357617971201,toy poodle,0.757756,True
751830394383790080,chow,0.703569,True
751937170840121344,lakeland terrier,0.424168,True
752173152931807232,labrador retriever,0.527659,True
752309394570878976,upright,0.303415,False
752334515931054080,bedlington terrier,0.399163,True
752519690950500352,swing,0.999984,False
752660715232722944,goose,0.3393239999999999,False
752682090207055872,german shepherd,0.299966,True
752917284578922496,german shepherd,0.609283,True
753026973505581056,pembroke,0.868511,True
753294487569522689,chow,0.194773,True
753375668877008896,bluetick,0.360071,True
753398408988139520,whippet,0.163794,True
753420520834629632,balloon,0.267961,False
753655901052166144,miniature pinscher,0.456092,True
754011816964026368,french bulldog,0.600985,True
754120377874386944,chow,0.168909,True
754449512966619136,beagle,0.858513,True
754482103782404096,tub,0.596796,False
754747087846248448,rotisserie,0.471493,False
754856583969079297,golden retriever,0.8723850000000001,True
754874841593970688,pug,0.272205,True
755110668769038337,labrador retriever,0.708974,True
755206590534418437,web site,0.906673,False
755955933503782912,pekinese,0.596882,True
756275833623502848,airedale,0.602957,True
756288534030475264,conch,0.925621,False
756303284449767430,golden retriever,0.981652,True
756526248105566208,geyser,0.991273,False
756651752796094464,pembroke,0.294808,True
756939218950160384,golden retriever,0.790371,True
756998049151549440,golden retriever,0.678555,True
757354760399941633,italian greyhound,0.914667,True
757393109802180609,labrador retriever,0.787125,True
757400162377592832,seat belt,0.523926,False
757596066325864448,doormat,0.8452559999999999,False
757597904299253760,doormat,0.8361059999999999,False
757611664640446465,bluetick,0.829259,True
757725642876129280,seat belt,0.425176,False
757729163776290825,cash machine,0.802333,False
757741869644341248,skunk,0.609715,False
758041019896193024,bookshop,0.794272,False
758355060040593408,pembroke,0.987643,True
758405701903519748,chesapeake bay retriever,0.702954,True
758467244762497024,labrador retriever,0.436377,True
758474966123810816,pembroke,0.546145,True
758740312047005698,chesapeake bay retriever,0.848514,True
758828659922702336,chesapeake bay retriever,0.480048,True
758854675097526272,barrow,0.974047,False
759047813560868866,labrador retriever,0.778546,True
759099523532779520,shetland sheepdog,0.1290339999999999,True
759159934323924993,irish terrier,0.2548559999999999,True
759197388317847553,kuvasz,0.5113409999999999,True
759447681597108224,kuvasz,0.223148,True
759557299618865152,golden retriever,0.763333,True
759566828574212096,labrador retriever,0.967397,True
759793422261743616,golden retriever,0.985876,True
759846353224826880,sussex spaniel,0.3553949999999999,True
759923798737051648,labrador retriever,0.324579,True
760190180481531904,balloon,0.917525,False
760252756032651264,radio telescope,0.155279,False
760290219849637889,old english sheepdog,0.3022,True
760539183865880579,samoyed,0.988013,True
760641137271070720,axolotl,0.132695,False
760656994973933572,golden retriever,0.760546,True
760893934457552897,blenheim spaniel,0.113992,True
761004547850530816,golden retriever,0.735163,True
761227390836215808,cougar,0.306512,False
761292947749015552,standard poodle,0.6608930000000001,True
761334018830917632,norwegian elkhound,0.8229360000000001,True
761371037149827077,brown bear,0.7132930000000001,False
761599872357261312,gordon setter,0.240427,True
761672994376806400,gondola,0.318851,False
761745352076779520,paddle,0.3931179999999999,False
761750502866649088,golden retriever,0.586937,True
761976711479193600,labrador retriever,0.475552,True
762035686371364864,home theater,0.0631518,False
762316489655476224,african grey,0.270468,False
762464539388485633,chow,0.999953,True
762471784394268675,samoyed,0.540276,True
762699858130116608,kelpie,0.519047,True
763103485927849985,seat belt,0.685821,False
763183847194451968,miniature poodle,0.354674,True
763837565564780549,malamute,0.375098,True
764259802650378240,german shepherd,0.973677,True
764857477905154048,bernese mountain dog,0.7920590000000001,True
765222098633691136,dalmatian,0.556595,True
765371061932261376,golden retriever,0.829456,True
765395769549590528,pembroke,0.509491,True
765669560888528897,beagle,0.993333,True
765719909049503744,golden retriever,0.969518,True
766008592277377025,welsh springer spaniel,0.7281529999999999,True
766069199026450432,redbone,0.484855,True
766078092750233600,toy poodle,0.420463,True
766313316352462849,toy poodle,0.966896,True
766423258543644672,keeshond,0.995823,True
766693177336135680,doberman,0.948355,True
766793450729734144,beagle,0.451697,True
767122157629476866,toy poodle,0.873841,True
767191397493538821,patio,0.708665,False
767500508068192258,chow,0.483228,True
767754930266464257,vizsla,0.307794,True
767884188863397888,coral reef,0.32774,False
768193404517830656,lion,0.396984,False
768473857036525572,labrador retriever,0.73917,True
768596291618299904,great pyrenees,0.729745,True
768609597686943744,basenji,0.183283,True
768855141948723200,chow,0.7202189999999999,True
768970937022709760,pomeranian,0.182358,True
769212283578875904,golden retriever,0.166538,True
769695466921623552,pug,0.407117,True
769940425801170949,miniature pinscher,0.796313,True
770069151037685760,boston bull,0.414965,True
770093767776997377,golden retriever,0.843799,True
770293558247038976,italian greyhound,0.931668,True
770414278348247044,maillot,0.5805279999999999,False
770655142660169732,madagascar cat,0.494803,False
770772759874076672,chow,0.979515,True
770787852854652928,bernese mountain dog,0.787812,True
771004394259247104,home theater,0.414338,False
771014301343748096,meerkat,0.202335,False
771102124360998913,labrador retriever,0.568789,True
771136648247640064,bathtub,0.36866,False
771171053431250945,samoyed,0.978833,True
771380798096281600,collie,0.503728,True
771500966810099713,labrador retriever,0.833952,True
771770456517009408,papillon,0.53318,True
772102971039580160,pembroke,0.54178,True
772114945936949249,chihuahua,0.803293,True
772117678702071809,labrador retriever,0.217821,True
772152991789019136,golden retriever,0.275318,True
772193107915964416,pembroke,0.3679449999999999,True
772581559778025472,newfoundland,0.574345,True
772615324260794368,dalmatian,0.556595,True
772826264096874500,basset,0.915351,True
772877495989305348,tabby,0.218303,False
773191612633579521,blenheim spaniel,0.427766,True
773247561583001600,seat belt,0.713588,False
773308824254029826,shopping cart,0.572349,False
773547596996571136,norwegian elkhound,0.372202,True
773670353721753600,old english sheepdog,0.969311,True
773704687002451968,silky terrier,0.324251,True
773922284943896577,pomeranian,0.554331,True
773985732834758656,giant panda,0.4511489999999999,False
774314403806253056,eskimo dog,0.5960449999999999,True
774639387460112384,walker hound,0.6275930000000001,True
774757898236878852,toy poodle,0.7199409999999999,True
775085132600442880,chow,0.316565,True
775364825476165632,beagle,0.571229,True
775729183532220416,web site,0.989407,False
775733305207554048,long-horned beetle,0.6138520000000001,False
775842724423557120,chow,0.520022,True
775898661951791106,golden retriever,0.945523,True
776088319444877312,web site,0.999916,False
776113305656188928,mousetrap,0.777468,False
776201521193218049,rottweiler,0.502228,True
776218204058357768,samoyed,0.940326,True
776477788987613185,labrador retriever,0.8848389999999999,True
776813020089548800,toy poodle,0.51661,True
776819012571455488,chihuahua,0.346545,True
777189768882946048,chihuahua,0.988412,True
777621514455814149,chow,0.999823,True
777641927919427584,golden retriever,0.964929,True
777684233540206592,cocker spaniel,0.253442,True
777885040357281792,afghan hound,0.123529,True
778027034220126208,clumber,0.946718,True
778039087836069888,german shepherd,0.717776,True
778286810187399168,boston bull,0.3220699999999999,True
778383385161035776,collie,0.3452659999999999,True
778396591732486144,hippopotamus,0.581403,False
778408200802557953,pembroke,0.8483620000000001,True
778624900596654080,airedale,0.786089,True
778650543019483137,german shepherd,0.515699,True
778748913645780993,staffordshire bullterrier,0.351434,True
778990705243029504,cocker spaniel,0.7153510000000001,True
779056095788752897,chihuahua,0.721188,True
779123168116150273,toy poodle,0.43108,True
779377524342161408,sundial,0.170921,False
779834332596887552,golden retriever,0.99383,True
780192070812196864,vizsla,0.144012,True
780459368902959104,great dane,0.3824909999999999,True
780476555013349377,pug,0.919255,True
780496263422808064,pug,0.99731,True
780543529827336192,golden retriever,0.628312,True
780601303617732608,saint bernard,0.995143,True
780800785462489090,siberian husky,0.951963,True
780858289093574656,chesapeake bay retriever,0.488555,True
780931614150983680,padlock,0.731564,False
781163403222056960,shetland sheepdog,0.973841,True
781251288990355457,mexican hairless,0.8877709999999999,True
781524693396357120,tennis ball,0.994712,False
781661882474196992,pembroke,0.438087,True
781955203444699136,pool table,0.179568,False
782021823840026624,golden retriever,0.383223,True
782305867769217024,briard,0.5044270000000001,True
782598640137187329,malamute,0.8408709999999999,True
782722598790725632,irish setter,0.574557,True
782747134529531904,golden retriever,0.560699,True
782969140009107456,seat belt,0.474292,False
783085703974514689,chesapeake bay retriever,0.240602,True
783334639985389568,cardigan,0.593858,True
783347506784731136,cardigan,0.611525,True
783391753726550016,norwegian elkhound,0.87713,True
783466772167098368,chihuahua,0.789,True
783695101801398276,chow,0.314265,True
783821107061198850,lakeland terrier,0.265659,True
783839966405230592,quilt,0.333739,False
784431430411685888,miniature poodle,0.744819,True
784517518371221505,malamute,0.757764,True
784826020293709826,chow,0.0903414,True
785170936622350336,seat belt,0.891193,False
785264754247995392,teddy,0.6748930000000001,False
785533386513321988,miniature pinscher,0.4360229999999999,True
785639753186217984,porcupine,0.978042,False
785872687017132033,great pyrenees,0.392108,True
785927819176054784,teddy,0.97207,False
786036967502913536,golden retriever,0.99383,True
786233965241827333,labrador retriever,0.478193,True
786363235746385920,golden retriever,0.929266,True
786595970293370880,pembroke,0.709512,True
786664955043049472,leonberg,0.512034,True
786709082849828864,pomeranian,0.467321,True
786963064373534720,golden retriever,0.915303,True
787322443945877504,seat belt,0.747739,False
787397959788929025,chihuahua,0.900483,True
787717603741622272,german shepherd,0.992339,True
787810552592695296,pug,0.362835,True
788039637453406209,beach wagon,0.362925,False
788070120937619456,golden retriever,0.735163,True
788150585577050112,chow,0.814145,True
788178268662984705,samoyed,0.73548,True
788412144018661376,golden retriever,0.805238,True
788765914992902144,cocker spaniel,0.500509,True
788908386943430656,remote control,0.8815379999999999,False
789137962068021249,chihuahua,0.746135,True
789268448748703744,malamute,0.81286,True
789530877013393408,schipperke,0.363272,True
789599242079838210,chesapeake bay retriever,0.8788219999999999,True
789628658055020548,chow,0.260702,True
789986466051088384,tub,0.479477,False
790277117346975746,labrador retriever,0.427742,True
790337589677002753,pembroke,0.658808,True
790581949425475584,refrigerator,0.998886,False
790698755171364864,bernese mountain dog,0.996541,True
790723298204217344,tub,0.479477,False
790946055508652032,dishwasher,0.700466,False
790987426131050500,cocker spaniel,0.349195,True
791026214425268224,malamute,0.375098,True
791312159183634433,miniature pinscher,0.892925,True
791406955684368384,pembroke,0.972629,True
791672322847637504,golden retriever,0.705092,True
792050063153438720,komondor,0.942856,True
792394556390137856,cocker spaniel,0.746387,True
792773781206999040,yorkshire terrier,0.912804,True
792883833364439040,jack-o'-lantern,0.999306,False
792913359805018113,web site,0.2267159999999999,False
793120401413079041,labrador retriever,0.7249439999999999,True
793135492858580992,bakery,0.737041,False
793150605191548928,italian greyhound,0.193869,True
793165685325201412,golden retriever,0.946224,True
793180763617361921,lakeland terrier,0.266824,True
793195938047070209,labrador retriever,0.654762,True
793210959003287553,doormat,0.874431,False
793226087023144960,wire-haired fox terrier,0.456047,True
793241302385262592,golden retriever,0.559308,True
793256262322548741,basset,0.2076219999999999,True
793271401113350145,siberian husky,0.2316949999999999,True
793286476301799424,afghan hound,0.2746369999999999,True
793500921481273345,golden retriever,0.3261219999999999,True
793601777308463104,miniature pinscher,0.538981,True
793614319594401792,golden retriever,0.705092,True
793845145112371200,old english sheepdog,0.7652770000000001,True
793962221541933056,labrador retriever,0.8616510000000001,True
794205286408003585,pedestal,0.66266,False
794332329137291264,samoyed,0.988307,True
794355576146903043,cocker spaniel,0.500509,True
794926597468000259,teddy,0.569566,False
794983741416415232,schipperke,0.363272,True
795076730285391872,gas pump,0.676439,False
795400264262053889,golden retriever,0.925494,True
795464331001561088,golden retriever,0.193082,True
796031486298386433,golden retriever,0.893775,True
796080075804475393,chow,0.973846,True
796116448414461957,cardigan,0.700182,True
796149749086875649,golden retriever,0.600276,True
796177847564038144,golden retriever,0.600276,True
796387464403357696,pekinese,0.461164,True
796484825502875648,cocker spaniel,0.116924,True
796759840936919040,american staffordshire terrier,0.463996,True
796865951799083009,cardigan,0.8391290000000001,True
797236660651966464,collie,0.767005,True
797545162159308800,pembroke,0.954089,True
797971864723324932,american staffordshire terrier,0.489845,True
798209839306514432,pekinese,0.524583,True
798340744599797760,papillon,0.53318,True
798628517273620480,beagle,0.636169,True
798644042770751489,english springer,0.403698,True
798665375516884993,chow,0.243529,True
798673117451325440,dough,0.806757,False
798694562394996736,chihuahua,0.615163,True
798697898615730177,labrador retriever,0.8686709999999999,True
798925684722855936,west highland white terrier,0.539463,True
798933969379225600,siberian husky,0.703224,True
799063482566066176,norfolk terrier,0.334436,True
799297110730567681,malamute,0.985028,True
799422933579902976,miniature pinscher,0.58363,True
799757965289017345,border collie,0.442534,True
799774291445383169,chow,0.316565,True
800018252395122689,vacuum,0.289485,False
800141422401830912,golden retriever,0.938048,True
800388270626521089,golden retriever,0.35986,True
800443802682937345,mousetrap,0.777468,False
800459316964663297,teddy,0.311928,False
800513324630806528,pembroke,0.8289040000000001,True
800751577355128832,cocker spaniel,0.771984,True
801115127852503040,dalmatian,0.823356,True
801167903437357056,cocker spaniel,0.74022,True
801285448605831168,minivan,0.789376,False
801538201127157760,pembroke,0.550506,True
801958328846974976,staffordshire bullterrier,0.327887,True
802239329049477120,eskimo dog,0.482498,True
802247111496568832,chihuahua,0.721188,True
802265048156610565,labrador retriever,0.8971620000000001,True
802323869084381190,home theater,0.765069,False
802572683846291456,golden retriever,0.610171,True
802624713319034886,cocker spaniel,0.253442,True
802952499103731712,chow,0.944032,True
803276597545603072,pembroke,0.457086,True
803380650405482500,bookcase,0.890601,False
803638050916102144,labrador retriever,0.372776,True
803692223237865472,lakeland terrier,0.530104,True
803773340896923648,miniature pinscher,0.817066,True
804026241225523202,web site,0.492709,False
804413760345620481,chow,0.0903414,True
804738756058218496,tibetan mastiff,0.91579,True
805207613751304193,pembroke,0.244705,True
805487436403003392,shield,0.58783,False
805520635690676224,malinois,0.643147,True
805826884734976000,siberian husky,0.248926,True
805932879469572096,norwegian elkhound,0.657967,True
805958939288408065,irish setter,0.574557,True
806219024703037440,chow,0.835102,True
806242860592926720,cardigan,0.593858,True
806542213899489280,vizsla,0.938617,True
806629075125202948,arabian camel,0.366248,False
807010152071229440,golden retriever,0.610807,True
807059379405148160,seat belt,0.474292,False
807106840509214720,chihuahua,0.50537,True
807621403335917568,golden retriever,0.873233,True
808001312164028416,labrador retriever,0.730959,True
808106460588765185,golden retriever,0.426183,True
808134635716833280,cocker spaniel,0.74022,True
808501579447930884,airedale,0.454239,True
808733504066486276,seat belt,0.779137,False
808838249661788160,rottweiler,0.36953,True
809084759137812480,vizsla,0.911412,True
809220051211603969,pomeranian,0.8195110000000001,True
809448704142938112,greater swiss mountain dog,0.375415,True
809808892968534016,labrador retriever,0.8616510000000001,True
809920764300447744,norwich terrier,0.397163,True
810254108431155201,staffordshire bullterrier,0.292556,True
810284430598270976,malamute,0.620768,True
810657578271330305,malamute,0.753521,True
810896069567610880,flat-coated retriever,0.8208040000000001,True
810984652412424192,golden retriever,0.8713420000000001,True
811386762094317568,pembroke,0.804177,True
811627233043480576,beagle,0.39628,True
811744202451197953,pekinese,0.386082,True
811985624773361665,staffordshire bullterrier,0.6105729999999999,True
812372279581671427,golden retriever,0.7848729999999999,True
812466873996607488,bath towel,0.0998035,False
812503143955202048,loupe,0.546856,False
812709060537683968,irish setter,0.326873,True
812781120811126785,bull mastiff,0.989316,True
813051746834595840,golden retriever,0.914804,True
813066809284972545,toy terrier,0.7764,True
813081950185472002,doberman,0.909951,True
813096984823349248,great dane,0.128056,True
813112105746448384,dingo,0.287369,False
813127251579564032,norwegian elkhound,0.4324159999999999,True
813142292504645637,beagle,0.848735,True
813157409116065792,siamese cat,0.8439110000000001,False
813172488309972993,doormat,0.954844,False
813187593374461952,golden retriever,0.888181,True
813202720496779264,cocker spaniel,0.701852,True
813217897535406080,samoyed,0.905972,True
813800681631023104,malamute,0.501159,True
813812741911748608,french bulldog,0.709146,True
813910438903693312,siberian husky,0.6993550000000001,True
813944609378369540,labrador retriever,0.427742,True
814153002265309185,golden retriever,0.490068,True
814530161257443328,miniature poodle,0.626913,True
814638523311648768,golden retriever,0.650814,True
814986499976527872,dalmatian,0.999828,True
815390420867969024,restaurant,0.279846,False
815639385530101762,german shepherd,0.8179529999999999,True
815736392542261248,border collie,0.5489069999999999,True
815966073409433600,tibetan mastiff,0.506312,True
815990720817401858,chihuahua,0.428756,True
816014286006976512,english setter,0.677408,True
816091915477250048,pomeranian,0.967345,True
816336735214911488,labrador retriever,0.91933,True
816450570814898180,web site,0.352857,False
816697700272001025,chihuahua,0.756992,True
816816676327063552,malamute,0.668164,True
816829038950027264,dishwasher,0.700466,False
817056546584727552,kelpie,0.8644149999999999,True
817120970343411712,saluki,0.568809,True
817171292965273600,golden retriever,0.295483,True
817181837579653120,tibetan mastiff,0.506312,True
817415592588222464,doberman,0.806163,True
817423860136083457,ice bear,0.3362,False
817536400337801217,pug,0.971358,True
817777686764523521,curly-coated retriever,0.733256,True
817827839487737858,cocker spaniel,0.387608,True
818145370475810820,golden retriever,0.621931,True
818259473185828864,miniature schnauzer,0.367368,True
818536468981415936,swing,0.999403,False
818588835076603904,norwegian elkhound,0.372202,True
818614493328580609,chihuahua,0.450722,True
818627210458333184,labrador retriever,0.384188,True
819004803107983360,standard poodle,0.351308,True
819006400881917954,prison,0.907083,False
819015331746349057,prison,0.907083,False
819015337530290176,standard poodle,0.351308,True
819227688460238848,border terrier,0.482452,True
819347104292290561,rottweiler,0.909106,True
819588359383371776,cardigan,0.5479350000000001,True
819711362133872643,acorn squash,0.8487040000000001,False
819924195358416896,bathtub,0.100896,False
819952236453363712,american staffordshire terrier,0.925505,True
820078625395449857,school bus,0.999833,False
820314633777061888,gordon setter,0.940724,True
820446719150292993,golden retriever,0.938048,True
820690176645140481,west highland white terrier,0.872064,True
820749716845686786,golden retriever,0.8380120000000001,True
821044531881721856,old english sheepdog,0.14802,True
821107785811234820,pomeranian,0.85659,True
821149554670182400,german shepherd,0.515933,True
821407182352777218,irish setter,0.5054960000000001,True
821522889702862852,doberman,0.7635390000000001,True
821765923262631936,golden retriever,0.980071,True
821813639212650496,saint bernard,0.995143,True
821886076407029760,golden retriever,0.266238,True
822244816520155136,samoyed,0.585441,True
822462944365645825,pomeranian,0.960199,True
822489057087389700,samoyed,0.4167689999999999,True
822610361945911296,cocker spaniel,0.6644869999999999,True
822647212903690241,samoyed,0.4167689999999999,True
822859134160621569,malinois,0.332897,True
822872901745569793,lakeland terrier,0.196015,True
822975315408461824,bathtub,0.331098,False
823269594223824897,samoyed,0.585441,True
823322678127919110,cowboy boot,0.990253,False
823581115634085888,dingo,0.280949,False
823699002998870016,cairn,0.203999,True
823939628516474880,schipperke,0.234076,True
824297048279236611,teddy,0.58823,False
824325613288833024,pembroke,0.990793,True
824663926340194305,english setter,0.526488,True
824775126675836928,border terrier,0.610499,True
824796380199809024,gas pump,0.676439,False
825026590719483904,eskimo dog,0.524454,True
825147591692263424,pekinese,0.354823,True
825535076884762624,rottweiler,0.681495,True
825829644528148480,great pyrenees,0.8534069999999999,True
825876512159186944,shopping cart,0.995941,False
826115272272650244,tennis ball,0.997071,False
826204788643753985,labrador retriever,0.782058,True
826240494070030336,french bulldog,0.903048,True
826476773533745153,german shepherd,0.7418600000000001,True
826598365270007810,french bulldog,0.628119,True
826848821049180160,great pyrenees,0.858764,True
826958653328592898,golden retriever,0.6173890000000001,True
827199976799354881,great dane,0.8696809999999999,True
827324948884643840,golden retriever,0.352486,True
827600520311402496,pembroke,0.325638,True
827653905312006145,collie,0.285555,True
827933404142436356,german shepherd,0.8061149999999999,True
828011680017821696,american staffordshire terrier,0.936662,True
828046555563323392,patio,0.272972,False
828372645993398273,malamute,0.663047,True
828376505180889089,american staffordshire terrier,0.5230859999999999,True
828381636999917570,bedlington terrier,0.3925349999999999,True
828408677031882754,weimaraner,0.1330329999999999,True
828409743546925057,teddy,0.908457,False
828650029636317184,golden retriever,0.649209,True
828708714936930305,hippopotamus,0.942911,False
828770345708580865,seat belt,0.765979,False
829011960981237760,boxer,0.312221,True
829141528400556032,golden retriever,0.57314,True
829374341691346946,staffordshire bullterrier,0.757547,True
829449946868879360,labrador retriever,0.315163,True
829501995190984704,french bulldog,0.950851,True
829861396166877184,border terrier,0.394486,True
829878982036299777,golden retriever,0.6173890000000001,True
830097400375152640,toy poodle,0.442713,True
830583320585068544,labrador retriever,0.908703,True
830956169170665475,kuvasz,0.451516,True
831262627380748289,cocker spaniel,0.263323,True
831309418084069378,doberman,0.3693889999999999,True
831315979191906304,briard,0.982755,True
831322785565769729,old english sheepdog,0.999715,True
831552930092285952,chihuahua,0.257415,True
831650051525054464,eskimo dog,0.530416,True
831670449226514432,pembroke,0.6248020000000001,True
831911600680497154,bloodhound,0.777562,True
831939777352105988,pomeranian,0.153862,True
832032802820481025,whippet,0.601712,True
832040443403784192,miniature pinscher,0.796313,True
832215726631055365,afghan hound,0.2746369999999999,True
832273440279240704,pembroke,0.134081,True
832369877331693569,kelpie,0.50469,True
832397543355072512,pekinese,0.988916,True
832636094638288896,eskimo dog,0.5250319999999999,True
832757312314028032,cardigan,0.160888,True
832769181346996225,jersey,0.895698,False
832998151111966721,boxer,0.539036,True
833124694597443584,cardigan,0.7105229999999999,True
833479644947025920,golden retriever,0.727039,True
833722901757046785,west highland white terrier,0.918144,True
833826103416520705,chihuahua,0.438054,True
833863086058651648,kuvasz,0.4949689999999999,True
834086379323871233,bath towel,0.736759,False
834167344700198914,ox,0.991682,False
834209720923721728,golden retriever,0.754799,True
834458053273591808,rhodesian ridgeback,0.4686189999999999,True
834574053763584002,toilet tissue,0.262936,False
834786237630337024,border terrier,0.156276,True
834931633769889797,ice bear,0.330573,False
835152434251116546,swing,0.967066,False
835172783151792128,border collie,0.663138,True
835264098648616962,hyena,0.736871,False
835297930240217089,rottweiler,0.341276,True
835574547218894849,staffordshire bullterrier,0.6106550000000001,True
836001077879255040,samoyed,0.963558,True
836260088725786625,borzoi,0.564688,True
836380477523124226,wooden spoon,0.0824886,False
836677758902222849,leopard,0.7974100000000001,False
836753516572119041,mortarboard,0.936882,False
836989968035819520,shopping cart,0.572422,False
837012587749474308,toilet tissue,0.186387,False
837110210464448512,siberian husky,0.767696,True
837366284874571778,american staffordshire terrier,0.660085,True
837471256429613056,norwegian elkhound,0.976255,True
837482249356513284,birdhouse,0.541196,False
837820167694528512,golden retriever,0.887625,True
838083903487373313,chow,0.800975,True
838476387338051585,great pyrenees,0.997692,True
838561493054533637,kelpie,0.2165619999999999,True
838916489579200512,web site,0.993651,False
838921590096166913,border terrier,0.664538,True
839239871831150596,leonberg,0.927021,True
839290600511926273,web site,0.670892,False
839549326359670784,swing,0.393527,False
839990271299457024,staffordshire bullterrier,0.604938,True
840268004936019968,chesapeake bay retriever,0.8639870000000001,True
840370681858686976,teapot,0.981819,False
840632337062862849,golden retriever,0.711148,True
840696689258311684,web site,0.8417680000000001,False
841077006473256960,brittany spaniel,0.962985,True
841314665196081154,afghan hound,0.903712,True
841439858740625411,military uniform,0.853684,False
841680585030541313,chihuahua,0.547401,True
841833993020538882,ice bear,0.3362,False
842115215311396866,chow,0.293493,True
842163532590374912,french bulldog,0.891227,True
842535590457499648,pembroke,0.685084,True
842765311967449089,tub,0.665238,False
842846295480000512,labrador retriever,0.461076,True
842892208864923648,chihuahua,0.50537,True
843235543001513987,pembroke,0.958452,True
843604394117681152,labrador retriever,0.430583,True
843856843873095681,labrador retriever,0.92254,True
844223788422217728,labrador retriever,0.71951,True
844580511645339650,washer,0.903064,False
844704788403113984,labrador retriever,0.980213,True
844973813909606400,labrador retriever,0.742421,True
844979544864018432,tennis ball,0.999281,False
845306882940190720,irish water spaniel,0.567475,True
845397057150107648,dandie dinmont,0.394404,True
845677943972139009,chow,0.8086810000000001,True
845812042753855489,samoyed,0.979803,True
846042936437604353,golden retriever,0.96111,True
846153765933735936,giant schnauzer,0.346468,True
846514051647705089,golden retriever,0.650003,True
846874817362120707,shetland sheepdog,0.450539,True
847116187444137987,white wolf,0.128935,False
847157206088847362,staffordshire bullterrier,0.219609,True
847251039262605312,airedale,0.49538,True
847606175596138505,cardigan,0.413688,True
847842811428974592,bernese mountain dog,0.951337,True
847962785489326080,sea lion,0.882654,False
847971574464610304,coffee mug,0.633652,False
848212111729840128,bedlington terrier,0.333486,True
848324959059550208,malamute,0.5445760000000001,True
848690551926992896,flat-coated retriever,0.8236479999999999,True
849051919805034497,fountain,0.997509,False
849336543269576704,patio,0.521788,False
849412302885593088,schipperke,0.907559,True
849776966551130114,chihuahua,0.292092,True
850019790995546112,shetland sheepdog,0.759907,True
850145622816686080,tennis ball,0.7147979999999999,False
850380195714523136,yorkshire terrier,0.2490119999999999,True
850753642995093505,pug,0.996952,True
851224888060895234,car mirror,0.971512,False
851464819735769094,web site,0.919649,False
851591660324737024,cardigan,0.394507,True
851861385021730816,pencil box,0.662183,False
851953902622658560,staffordshire bullterrier,0.757547,True
852189679701164033,barrow,0.42315,False
852226086759018497,prison,0.3527929999999999,False
852311364735569921,barbell,0.971581,False
852553447878664193,bloodhound,0.186498,True
852672615818899456,golden retriever,0.7112350000000001,True
852912242202992640,great dane,0.7837649999999999,True
853299958564483072,grille,0.65228,False
853639147608842240,german shepherd,0.509879,True
853760880890318849,miniature pinscher,0.292519,True
854010172552949760,english springer,0.3547329999999999,True
854120357044912130,black-and-tan coonhound,0.8548610000000001,True
854365224396361728,pembroke,0.90708,True
854482394044301312,chihuahua,0.260242,True
854732716440526848,pembroke,0.6955479999999999,True
855459453768019968,blenheim spaniel,0.389513,True
855851453814013952,flat-coated retriever,0.321676,True
856282028240666624,chihuahua,0.8765430000000001,True
856526610513747968,old english sheepdog,0.798481,True
856543823941562368,boston bull,0.30691,True
857029823797047296,golden retriever,0.968623,True
857263160327368704,samoyed,0.998021,True
857393404942143489,malamute,0.8415969999999999,True
857746408056729600,labrador retriever,0.919832,True
857989990357356544,french bulldog,0.43258,True
858107933456039936,golden retriever,0.863874,True
858471635011153920,pembroke,0.987407,True
858843525470990336,golden retriever,0.57812,True
859074603037188101,revolver,0.190292,False
859196978902773760,angora,0.2242179999999999,False
859607811541651456,golden retriever,0.8955290000000001,True
859851578198683649,labrador retriever,0.899086,True
859924526012018688,french bulldog,0.254587,True
860184849394610176,chimpanzee,0.267612,False
860276583193509888,lakeside,0.312299,False
860524505164394496,bedlington terrier,0.286558,True
860563773140209665,cardigan,0.583936,True
860924035999428608,envelope,0.933016,False
861005113778896900,german shepherd,0.507951,True
861288531465048066,syringe,0.1447119999999999,False
861383897657036800,cardigan,0.771008,True
861769973181624320,arabian camel,0.366248,False
862096992088072192,chow,0.677589,True
862457590147678208,home theater,0.4963479999999999,False
862722525377298433,basset,0.39333,True
862831371563274240,australian terrier,0.207281,True
863062471531167744,french bulldog,0.935804,True
863079547188785154,lakeland terrier,0.275242,True
863432100342583297,staffordshire bullterrier,0.690517,True
863553081350529029,eskimo dog,0.41333,True
863907417377173506,marmot,0.358828,False
864197398364647424,golden retriever,0.945905,True
864279568663928832,bull mastiff,0.668613,True
864873206498414592,pole,0.478616,False
865006731092295680,pembroke,0.989882,True
865359393868664832,chesapeake bay retriever,0.832435,True
865718153858494464,golden retriever,0.673664,True
866334964761202691,samoyed,0.984086,True
866450705531457537,french bulldog,0.905334,True
866686824827068416,flat-coated retriever,0.51473,True
867051520902168576,samoyed,0.4714029999999999,True
867072653475098625,blenheim spaniel,0.352946,True
867421006826221569,eskimo dog,0.6164569999999999,True
867774946302451713,border collie,0.661953,True
867900495410671616,labrador retriever,0.522644,True
868552278524837888,whippet,0.378151,True
868622495443632128,labrador retriever,0.868107,True
868880397819494401,laptop,0.153718,False
869227993411051520,pembroke,0.664181,True
869596645499047938,chihuahua,0.955156,True
869702957897576449,pembroke,0.993449,True
869772420881756160,pembroke,0.980148,True
870063196459192321,comic book,0.534409,False
870308999962521604,greater swiss mountain dog,0.6227520000000001,True
870374049280663552,golden retriever,0.841001,True
870656317836468226,pembroke,0.945495,True
870804317367881728,home theater,0.16829,False
871032628920680449,kelpie,0.398053,True
871515927908634625,komondor,0.974781,True
871762521631449091,labrador retriever,0.921393,True
871879754684805121,shetland sheepdog,0.969171,True
872122724285648897,basketball,0.808396,False
872261713294495745,labrador retriever,0.972019,True
872486979161796608,pembroke,0.931861,True
872620804844003328,cocker spaniel,0.513191,True
872820683541237760,pug,0.99912,True
872967104147763200,labrador retriever,0.476913,True
873213775632977920,vizsla,0.6197819999999999,True
873580283840344065,newfoundland,0.678537,True
873697596434513921,laptop,0.153718,False
874012996292530176,cardigan,0.806674,True
874057562936811520,flat-coated retriever,0.8321770000000001,True
874296783580663808,cocker spaniel,0.437216,True
874680097055178752,labrador retriever,0.836052,True
875021211251597312,west highland white terrier,0.7143189999999999,True
875144289856114688,siberian husky,0.245048,True
875747767867523072,labrador retriever,0.799551,True
876120275196170240,bernese mountain dog,0.534327,True
876484053909872640,golden retriever,0.874566,True
876838120628539392,bloodhound,0.575751,True
877201837425926144,pembroke,0.93112,True
877316821321428993,saluki,0.5099670000000001,True
877556246731214848,basset,0.995368,True
877611172832227328,irish setter,0.3647289999999999,True
877736472329191424,chesapeake bay retriever,0.8379559999999999,True
878057613040115712,french bulldog,0.839097,True
878281511006478336,basset,0.32042,True
878776093423087618,italian greyhound,0.734684,True
879008229531029506,vizsla,0.960513,True
879050749262655488,tabby,0.311861,False
879376492567855104,tricycle,0.663601,False
879415818425184262,english springer,0.383404,True
879492040517615616,german short-haired pointer,0.479896,True
879862464715927552,basset,0.813507,True
880095782870896641,miniature pinscher,0.120298,True
880221127280381952,chihuahua,0.238525,True
880465832366813184,golden retriever,0.913255,True
880872448815771648,pembroke,0.791416,True
880935762899988482,street sign,0.251801,False
881268444196462592,tusker,0.473303,False
881536004380872706,samoyed,0.281463,True
881666595344535552,saluki,0.529012,True
881906580714921986,weimaraner,0.291539,True
882045870035918850,web site,0.949591,False
882268110199369728,golden retriever,0.762211,True
882627270321602560,pembroke,0.542982,True
882762694511734784,labrador retriever,0.85005,True
882992080364220416,eskimo dog,0.4667779999999999,True
883117836046086144,golden retriever,0.949562,True
883360690899218434,chow,0.987997,True
883482846933004288,golden retriever,0.943082,True
883838122936631299,doberman,0.610946,True
884162670584377345,german shepherd,0.707046,True
884441805382717440,pembroke,0.993225,True
884562892145688576,pug,0.5464060000000001,True
884876753390489601,chow,0.822103,True
884925521741709313,italian greyhound,0.259916,True
885167619883638784,malamute,0.8124819999999999,True
885311592912609280,labrador retriever,0.908703,True
885528943205470208,pug,0.369275,True
885984800019947520,blenheim spaniel,0.972494,True
886258384151887873,pug,0.943575,True
886366144734445568,french bulldog,0.999201,True
886680336477933568,convertible,0.738995,False
886736880519319552,kuvasz,0.309706,True
886983233522544640,chihuahua,0.793469,True
887101392804085760,samoyed,0.733942,True
887343217045368832,mexican hairless,0.330741,True
887473957103951883,pembroke,0.809197,True
887517139158093824,limousine,0.130432,False
887705289381826560,basset,0.821664,True
888078434458587136,french bulldog,0.995026,True
888202515573088257,pembroke,0.809197,True
888554962724278272,siberian husky,0.700377,True
888804989199671297,golden retriever,0.46976,True
888917238123831296,golden retriever,0.714719,True
889278841981685760,whippet,0.626152,True
889531135344209921,golden retriever,0.953442,True
889638837579907072,french bulldog,0.99165,True
889665388333682689,pembroke,0.966327,True
889880896479866881,french bulldog,0.377417,True
890006608113172480,samoyed,0.957979,True
890240255349198849,pembroke,0.511319,True
890609185150312448,irish terrier,0.4875739999999999,True
890729181411237888,pomeranian,0.566142,True
890971913173991426,appenzeller,0.341703,True
891087950875897856,chesapeake bay retriever,0.425595,True
891327558926688256,basset,0.555712,True
891689557279858688,paper towel,0.1702779999999999,False
891815181378084864,chihuahua,0.716012,True
892177421306343426,chihuahua,0.323581,True
892420643555336193,orange,0.0970486,False
